Workbook

Sheet Ventes cumulatives par magasin
A1: please only use columns in light blue | F1: HT-Piscine hors-terre | G1: HT-Piscine hors-terre | H1: CR-Piscine creusée | I1: CR-Piscine creusée | J1: SP-Spa | K1: SP-Spa | L1: ME-Meuble | M1: GA-Gazebo et Abri | N1: ME-Meuble & GA-Gazebo | O1: FI-Fitness | P1: BQ-BBQ
A2: Commence le | B2: Semaine fiscale | C2: Month | D2: Année fiscale | E2: Code magasin | F2: U-HT | G2: $-HT | H2: U-CR | I2: $-CR | J2: U-SP | K2: $-SP | L2: $-ME | M2: $-GA | N2: $-ME & $-GA | O2: $-FI | P2: $-BQ
A3: 44865 | B3: 1 | C3: =MONTH(A3) -> 10 | D3: 2023 | E3: CP01 | F3: 0 | G3: =IF($D3=2023,F3*'Average selling price'!$B$2, IF($D3=2024,F3*'Average selling price'!$C$2, IF($D3=2025,F3*'Average selling price'!$D$2,""))) -> 0 | H3: 0 | I3: =IF($D3=2023,H3*'Average selling price'!$B$3, IF($D3=2024,H3*'Average selling price'!$C$3, IF($D3=2025,H3*'Average selling price'!$D$3,""))) -> 0 | J3: 2 | K3: =IF($D3=2023,J3*'Average selling price'!$B$4, IF($D3=2024,J3*'Average selling price'!$C$4, IF($D3=2025,J3*'Average selling price'!$D$4,""))) -> 21536 | L3: 8779 | M3: 2210 | N3: =M3+L3 -> 10989 | O3: 18165 | P3: 2015
A4: 44865 | B4: 1 | C4: =MONTH(A4) -> 10 | D4: 2023 | E4: CP02 | F4: 1 | G4: =IF(D4=2023,F4*'Average selling price'!$B$2, IF(D4=2024,F4*'Average selling price'!$C$2, IF(D4=2025,F4*'Average selling price'!$D$2,""))) -> 4919 | H4: 0 | I4: =IF($D4=2023,H4*'Average selling price'!$B$3, IF($D4=2024,H4*'Average selling price'!$C$3, IF($D4=2025,H4*'Average selling price'!$D$3,""))) -> 0 | J4: 1 | K4: =IF($D4=2023,J4*'Average selling price'!$B$4, IF($D4=2024,J4*'Average selling price'!$C$4, IF($D4=2025,J4*'Average selling price'!$D$4,""))) -> 10768 | L4: 1671 | M4: 0 | N4: =M4+L4 -> 1671 | O4: 0 | P4: 65
A5: 44865 | B5: 1 | C5: =MONTH(A5) -> 10 | D5: 2023 | E5: CP03 | F5: 0 | G5: =IF(D5=2023,F5*'Average selling price'!$B$2, IF(D5=2024,F5*'Average selling price'!$C$2, IF(D5=2025,F5*'Average selling price'!$D$2,""))) -> 0 | H5: 0 | I5: =IF($D5=2023,H5*'Average selling price'!$B$3, IF($D5=2024,H5*'Average selling price'!$C$3, IF($D5=2025,H5*'Average selling price'!$D$3,""))) -> 0 | J5: 2 | K5: =IF($D5=2023,J5*'Average selling price'!$B$4, IF($D5=2024,J5*'Average selling price'!$C$4, IF($D5=2025,J5*'Average selling price'!$D$4,""))) -> 21536 | L5: 700 | M5: 0 | N5: =M5+L5 -> 700 | O5: 1049 | P5: 0
A6: 44865 | B6: 1 | C6: =MONTH(A6) -> 10 | D6: 2023 | E6: CP04 | F6: 2 | G6: =IF(D6=2023,F6*'Average selling price'!$B$2, IF(D6=2024,F6*'Average selling price'!$C$2, IF(D6=2025,F6*'Average selling price'!$D$2,""))) -> 9838 | H6: 0 | I6: =IF($D6=2023,H6*'Average selling price'!$B$3, IF($D6=2024,H6*'Average selling price'!$C$3, IF($D6=2025,H6*'Average selling price'!$D$3,""))) -> 0 | J6: 1 | K6: =IF($D6=2023,J6*'Average selling price'!$B$4, IF($D6=2024,J6*'Average selling price'!$C$4, IF($D6=2025,J6*'Average selling price'!$D$4,""))) -> 10768 | L6: 559 | M6: 1942 | N6: =M6+L6 -> 2501 | O6: 426 | P6: 0
A7: 44865 | B7: 1 | C7: =MONTH(A7) -> 10 | D7: 2023 | E7: CP05 | F7: 3 | G7: =IF(D7=2023,F7*'Average selling price'!$B$2, IF(D7=2024,F7*'Average selling price'!$C$2, IF(D7=2025,F7*'Average selling price'!$D$2,""))) -> 14757 | H7: 1 | I7: =IF($D7=2023,H7*'Average selling price'!$B$3, IF($D7=2024,H7*'Average selling price'!$C$3, IF($D7=2025,H7*'Average selling price'!$D$3,""))) -> 29064 | J7: 5 | K7: =IF($D7=2023,J7*'Average selling price'!$B$4, IF($D7=2024,J7*'Average selling price'!$C$4, IF($D7=2025,J7*'Average selling price'!$D$4,""))) -> 53840 | L7: 2014 | M7: 1490 | N7: =M7+L7 -> 3504 | O7: 1371 | P7: 1204
A8: 44865 | B8: 1 | C8: =MONTH(A8) -> 10 | D8: 2023 | E8: CP06 | F8: 1 | G8: =IF(D8=2023,F8*'Average selling price'!$B$2, IF(D8=2024,F8*'Average selling price'!$C$2, IF(D8=2025,F8*'Average selling price'!$D$2,""))) -> 4919 | H8: 0 | I8: =IF($D8=2023,H8*'Average selling price'!$B$3, IF($D8=2024,H8*'Average selling price'!$C$3, IF($D8=2025,H8*'Average selling price'!$D$3,""))) -> 0 | J8: 1 | K8: =IF($D8=2023,J8*'Average selling price'!$B$4, IF($D8=2024,J8*'Average selling price'!$C$4, IF($D8=2025,J8*'Average selling price'!$D$4,""))) -> 10768 | L8: 6919 | M8: 4775 | N8: =M8+L8 -> 11694 | O8: 34 | P8: 16
A9: 44865 | B9: 1 | C9: =MONTH(A9) -> 10 | D9: 2023 | E9: CP07 | F9: 3 | G9: =IF(D9=2023,F9*'Average selling price'!$B$2, IF(D9=2024,F9*'Average selling price'!$C$2, IF(D9=2025,F9*'Average selling price'!$D$2,""))) -> 14757 | H9: 0 | I9: =IF($D9=2023,H9*'Average selling price'!$B$3, IF($D9=2024,H9*'Average selling price'!$C$3, IF($D9=2025,H9*'Average selling price'!$D$3,""))) -> 0 | J9: 4 | K9: =IF($D9=2023,J9*'Average selling price'!$B$4, IF($D9=2024,J9*'Average selling price'!$C$4, IF($D9=2025,J9*'Average selling price'!$D$4,""))) -> 43072 | L9: 22941 | M9: 21519 | N9: =M9+L9 -> 44460 | O9: 7799 | P9: 0
A10: 44865 | B10: 1 | C10: =MONTH(A10) -> 10 | D10: 2023 | E10: CP08 | F10: 4 | G10: =IF(D10=2023,F10*'Average selling price'!$B$2, IF(D10=2024,F10*'Average selling price'!$C$2, IF(D10=2025,F10*'Average selling price'!$D$2,""))) -> 19676 | H10: 0 | I10: =IF($D10=2023,H10*'Average selling price'!$B$3, IF($D10=2024,H10*'Average selling price'!$C$3, IF($D10=2025,H10*'Average selling price'!$D$3,""))) -> 0 | J10: 4 | K10: =IF($D10=2023,J10*'Average selling price'!$B$4, IF($D10=2024,J10*'Average selling price'!$C$4, IF($D10=2025,J10*'Average selling price'!$D$4,""))) -> 43072 | L10: 7738 | M10: 300 | N10: =M10+L10 -> 8038 | O10: 5050 | P10: 0
A11: 44865 | B11: 1 | C11: =MONTH(A11) -> 10 | D11: 2023 | E11: CP10 | F11: 1 | G11: =IF(D11=2023,F11*'Average selling price'!$B$2, IF(D11=2024,F11*'Average selling price'!$C$2, IF(D11=2025,F11*'Average selling price'!$D$2,""))) -> 4919 | H11: 0 | I11: =IF($D11=2023,H11*'Average selling price'!$B$3, IF($D11=2024,H11*'Average selling price'!$C$3, IF($D11=2025,H11*'Average selling price'!$D$3,""))) -> 0 | J11: 5 | K11: =IF($D11=2023,J11*'Average selling price'!$B$4, IF($D11=2024,J11*'Average selling price'!$C$4, IF($D11=2025,J11*'Average selling price'!$D$4,""))) -> 53840 | L11: 8280 | M11: 2475 | N11: =M11+L11 -> 10755 | O11: 1735 | P11: 0
A12: 44865 | B12: 1 | C12: =MONTH(A12) -> 10 | D12: 2023 | E12: CP11 | F12: 0 | G12: =IF(D12=2023,F12*'Average selling price'!$B$2, IF(D12=2024,F12*'Average selling price'!$C$2, IF(D12=2025,F12*'Average selling price'!$D$2,""))) -> 0 | H12: 0 | I12: =IF($D12=2023,H12*'Average selling price'!$B$3, IF($D12=2024,H12*'Average selling price'!$C$3, IF($D12=2025,H12*'Average selling price'!$D$3,""))) -> 0 | J12: 2 | K12: =IF($D12=2023,J12*'Average selling price'!$B$4, IF($D12=2024,J12*'Average selling price'!$C$4, IF($D12=2025,J12*'Average selling price'!$D$4,""))) -> 21536 | L12: 0 | M12: 8140 | N12: =M12+L12 -> 8140 | O12: 0 | P12: 0
A13: 44865 | B13: 1 | C13: =MONTH(A13) -> 10 | D13: 2023 | E13: CP12 | F13: 0 | G13: =IF(D13=2023,F13*'Average selling price'!$B$2, IF(D13=2024,F13*'Average selling price'!$C$2, IF(D13=2025,F13*'Average selling price'!$D$2,""))) -> 0 | H13: 1 | I13: =IF($D13=2023,H13*'Average selling price'!$B$3, IF($D13=2024,H13*'Average selling price'!$C$3, IF($D13=2025,H13*'Average selling price'!$D$3,""))) -> 29064 | J13: 1 | K13: =IF($D13=2023,J13*'Average selling price'!$B$4, IF($D13=2024,J13*'Average selling price'!$C$4, IF($D13=2025,J13*'Average selling price'!$D$4,""))) -> 10768 | L13: 2900 | M13: 0 | N13: =M13+L13 -> 2900 | O13: 0 | P13: 0
A14: 44865 | B14: 1 | C14: =MONTH(A14) -> 10 | D14: 2023 | E14: CP13 | F14: 1 | G14: =IF(D14=2023,F14*'Average selling price'!$B$2, IF(D14=2024,F14*'Average selling price'!$C$2, IF(D14=2025,F14*'Average selling price'!$D$2,""))) -> 4919 | H14: 3 | I14: =IF($D14=2023,H14*'Average selling price'!$B$3, IF($D14=2024,H14*'Average selling price'!$C$3, IF($D14=2025,H14*'Average selling price'!$D$3,""))) -> 87192 | J14: 1 | K14: =IF($D14=2023,J14*'Average selling price'!$B$4, IF($D14=2024,J14*'Average selling price'!$C$4, IF($D14=2025,J14*'Average selling price'!$D$4,""))) -> 10768 | L14: 1935 | M14: 0 | N14: =M14+L14 -> 1935 | O14: 0 | P14: 355
A15: 44865 | B15: 1 | C15: =MONTH(A15) -> 10 | D15: 2023 | E15: CP15 | F15: 0 | G15: =IF(D15=2023,F15*'Average selling price'!$B$2, IF(D15=2024,F15*'Average selling price'!$C$2, IF(D15=2025,F15*'Average selling price'!$D$2,""))) -> 0 | H15: 0 | I15: =IF($D15=2023,H15*'Average selling price'!$B$3, IF($D15=2024,H15*'Average selling price'!$C$3, IF($D15=2025,H15*'Average selling price'!$D$3,""))) -> 0 | J15: 0 | K15: =IF($D15=2023,J15*'Average selling price'!$B$4, IF($D15=2024,J15*'Average selling price'!$C$4, IF($D15=2025,J15*'Average selling price'!$D$4,""))) -> 0 | L15: 4905 | M15: 24630 | N15: =M15+L15 -> 29535 | O15: 3699 | P15: 25
... A26: 44865 | B26: 1 | C26: =MONTH(A26) -> 10 | D26: 2023 | E26: CP32 | F26: 1 | G26: =IF(D26=2023,F26*'Average selling price'!$B$2, IF(D26=2024,F26*'Average selling price'!$C$2, IF(D26=2025,F26*'Average selling price'!$D$2,""))) -> 4919 | H26: 0 | I26: =IF($D26=2023,H26*'Average selling price'!$B$3, IF($D26=2024,H26*'Average selling price'!$C$3, IF($D26=2025,H26*'Average selling price'!$D$3,""))) -> 0 | J26: 0 | K26: =IF($D26=2023,J26*'Average selling price'!$B$4, IF($D26=2024,J26*'Average selling price'!$C$4, IF($D26=2025,J26*'Average selling price'!$D$4,""))) -> 0 | L26: 4455 | M26: 2400 | N26: =M26+L26 -> 6855 | O26: 3635 | P26: 125
A27: 44865 | B27: 1 | C27: =MONTH(A27) -> 10 | D27: 2023 | E27: CP33 | F27: 0 | G27: =IF(D27=2023,F27*'Average selling price'!$B$2, IF(D27=2024,F27*'Average selling price'!$C$2, IF(D27=2025,F27*'Average selling price'!$D$2,""))) -> 0 | H27: 0 | I27: =IF($D27=2023,H27*'Average selling price'!$B$3, IF($D27=2024,H27*'Average selling price'!$C$3, IF($D27=2025,H27*'Average selling price'!$D$3,""))) -> 0 | J27: 1 | K27: =IF($D27=2023,J27*'Average selling price'!$B$4, IF($D27=2024,J27*'Average selling price'!$C$4, IF($D27=2025,J27*'Average selling price'!$D$4,""))) -> 10768 | L27: 0 | M27: 450 | N27: =M27+L27 -> 450 | P27: 0
A28: 44865 | B28: 1 | C28: =MONTH(A28) -> 10 | D28: 2023 | E28: CP35 | F28: 0 | G28: =IF(D28=2023,F28*'Average selling price'!$B$2, IF(D28=2024,F28*'Average selling price'!$C$2, IF(D28=2025,F28*'Average selling price'!$D$2,""))) -> 0 | H28: 0 | I28: =IF($D28=2023,H28*'Average selling price'!$B$3, IF($D28=2024,H28*'Average selling price'!$C$3, IF($D28=2025,H28*'Average selling price'!$D$3,""))) -> 0 | J28: 0 | K28: =IF($D28=2023,J28*'Average selling price'!$B$4, IF($D28=2024,J28*'Average selling price'!$C$4, IF($D28=2025,J28*'Average selling price'!$D$4,""))) -> 0 | L28: 0 | M28: 0 | N28: =M28+L28 -> 0 | O28: 0 | P28: 0
A29: 44865 | B29: 1 | C29: =MONTH(A29) -> 10 | D29: 2023 | E29: CP36 | F29: 0 | G29: =IF(D29=2023,F29*'Average selling price'!$B$2, IF(D29=2024,F29*'Average selling price'!$C$2, IF(D29=2025,F29*'Average selling price'!$D$2,""))) -> 0 | H29: 0 | I29: =IF($D29=2023,H29*'Average selling price'!$B$3, IF($D29=2024,H29*'Average selling price'!$C$3, IF($D29=2025,H29*'Average selling price'!$D$3,""))) -> 0 | J29: 1 | K29: =IF($D29=2023,J29*'Average selling price'!$B$4, IF($D29=2024,J29*'Average selling price'!$C$4, IF($D29=2025,J29*'Average selling price'!$D$4,""))) -> 10768 | L29: 5553 | M29: 4626 | N29: =M29+L29 -> 10179 | O29: 0 | P29: 0
A30: 44865 | B30: 1 | C30: =MONTH(A30) -> 10 | D30: 2023 | E30: CP37 | F30: 0 | G30: =IF(D30=2023,F30*'Average selling price'!$B$2, IF(D30=2024,F30*'Average selling price'!$C$2, IF(D30=2025,F30*'Average selling price'!$D$2,""))) -> 0 | H30: 0 | I30: =IF($D30=2023,H30*'Average selling price'!$B$3, IF($D30=2024,H30*'Average selling price'!$C$3, IF($D30=2025,H30*'Average selling price'!$D$3,""))) -> 0 | J30: 1 | K30: =IF($D30=2023,J30*'Average selling price'!$B$4, IF($D30=2024,J30*'Average selling price'!$C$4, IF($D30=2025,J30*'Average selling price'!$D$4,""))) -> 10768 | L30: 5007 | M30: 2100 | N30: =M30+L30 -> 7107 | O30: 710 | P30: 0
A31: 44865 | B31: 1 | C31: =MONTH(A31) -> 10 | D31: 2023 | E31: CP39 | F31: 0 | G31: =IF(D31=2023,F31*'Average selling price'!$B$2, IF(D31=2024,F31*'Average selling price'!$C$2, IF(D31=2025,F31*'Average selling price'!$D$2,""))) -> 0 | H31: 0 | I31: =IF($D31=2023,H31*'Average selling price'!$B$3, IF($D31=2024,H31*'Average selling price'!$C$3, IF($D31=2025,H31*'Average selling price'!$D$3,""))) -> 0 | J31: 0 | K31: =IF($D31=2023,J31*'Average selling price'!$B$4, IF($D31=2024,J31*'Average selling price'!$C$4, IF($D31=2025,J31*'Average selling price'!$D$4,""))) -> 0 | L31: 0 | M31: 0 | N31: =M31+L31 -> 0 | O31: 0 | P31: 0
A32: 44865 | B32: 1 | C32: =MONTH(A32) -> 10 | D32: 2023 | E32: CP40 | F32: 2 | G32: =IF(D32=2023,F32*'Average selling price'!$B$2, IF(D32=2024,F32*'Average selling price'!$C$2, IF(D32=2025,F32*'Average selling price'!$D$2,""))) -> 9838 | H32: 0 | I32: =IF($D32=2023,H32*'Average selling price'!$B$3, IF($D32=2024,H32*'Average selling price'!$C$3, IF($D32=2025,H32*'Average selling price'!$D$3,""))) -> 0 | J32: 0 | K32: =IF($D32=2023,J32*'Average selling price'!$B$4, IF($D32=2024,J32*'Average selling price'!$C$4, IF($D32=2025,J32*'Average selling price'!$D$4,""))) -> 0 | L32: 0 | M32: 0 | N32: =M32+L32 -> 0 | O32: 949 | P32: 0
A33: 44865 | B33: 1 | C33: =MONTH(A33) -> 10 | D33: 2023 | E33: CP41 | F33: 1 | G33: =IF(D33=2023,F33*'Average selling price'!$B$2, IF(D33=2024,F33*'Average selling price'!$C$2, IF(D33=2025,F33*'Average selling price'!$D$2,""))) -> 4919 | H33: 0 | I33: =IF($D33=2023,H33*'Average selling price'!$B$3, IF($D33=2024,H33*'Average selling price'!$C$3, IF($D33=2025,H33*'Average selling price'!$D$3,""))) -> 0 | J33: 1 | K33: =IF($D33=2023,J33*'Average selling price'!$B$4, IF($D33=2024,J33*'Average selling price'!$C$4, IF($D33=2025,J33*'Average selling price'!$D$4,""))) -> 10768 | L33: 3179 | M33: 4650 | N33: =M33+L33 -> 7829 | O33: 1300 | P33: 0
A34: 44865 | B34: 1 | C34: =MONTH(A34) -> 10 | D34: 2023 | E34: CP42 | F34: 0 | G34: =IF(D34=2023,F34*'Average selling price'!$B$2, IF(D34=2024,F34*'Average selling price'!$C$2, IF(D34=2025,F34*'Average selling price'!$D$2,""))) -> 0 | H34: 0 | I34: =IF($D34=2023,H34*'Average selling price'!$B$3, IF($D34=2024,H34*'Average selling price'!$C$3, IF($D34=2025,H34*'Average selling price'!$D$3,""))) -> 0 | J34: 0 | K34: =IF($D34=2023,J34*'Average selling price'!$B$4, IF($D34=2024,J34*'Average selling price'!$C$4, IF($D34=2025,J34*'Average selling price'!$D$4,""))) -> 0 | L34: 0 | M34: 0 | N34: =M34+L34 -> 0 | O34: 0 | P34: 0
A35: 44865 | B35: 1 | C35: =MONTH(A35) -> 10 | D35: 2023 | E35: CP43 | F35: 1 | G35: =IF(D35=2023,F35*'Average selling price'!$B$2, IF(D35=2024,F35*'Average selling price'!$C$2, IF(D35=2025,F35*'Average selling price'!$D$2,""))) -> 4919 | H35: 0 | I35: =IF($D35=2023,H35*'Average selling price'!$B$3, IF($D35=2024,H35*'Average selling price'!$C$3, IF($D35=2025,H35*'Average selling price'!$D$3,""))) -> 0 | J35: 0 | K35: =IF($D35=2023,J35*'Average selling price'!$B$4, IF($D35=2024,J35*'Average selling price'!$C$4, IF($D35=2025,J35*'Average selling price'!$D$4,""))) -> 0 | L35: 9040 | M35: 370 | N35: =M35+L35 -> 9410 | O35: 0 | P35: 0
A36: 44865 | B36: 1 | C36: =MONTH(A36) -> 10 | D36: 2023 | E36: CP44 | F36: 0 | G36: =IF(D36=2023,F36*'Average selling price'!$B$2, IF(D36=2024,F36*'Average selling price'!$C$2, IF(D36=2025,F36*'Average selling price'!$D$2,""))) -> 0 | H36: 0 | I36: =IF($D36=2023,H36*'Average selling price'!$B$3, IF($D36=2024,H36*'Average selling price'!$C$3, IF($D36=2025,H36*'Average selling price'!$D$3,""))) -> 0 | J36: 1 | K36: =IF($D36=2023,J36*'Average selling price'!$B$4, IF($D36=2024,J36*'Average selling price'!$C$4, IF($D36=2025,J36*'Average selling price'!$D$4,""))) -> 10768 | L36: 4975 | M36: 10600 | N36: =M36+L36 -> 15575 | O36: 0 | P36: 470
A37: 44865 | B37: 1 | C37: =MONTH(A37) -> 10 | D37: 2023 | E37: CP45 | F37: 0 | G37: =IF(D37=2023,F37*'Average selling price'!$B$2, IF(D37=2024,F37*'Average selling price'!$C$2, IF(D37=2025,F37*'Average selling price'!$D$2,""))) -> 0 | H37: 0 | I37: =IF($D37=2023,H37*'Average selling price'!$B$3, IF($D37=2024,H37*'Average selling price'!$C$3, IF($D37=2025,H37*'Average selling price'!$D$3,""))) -> 0 | J37: 0 | K37: =IF($D37=2023,J37*'Average selling price'!$B$4, IF($D37=2024,J37*'Average selling price'!$C$4, IF($D37=2025,J37*'Average selling price'!$D$4,""))) -> 0 | L37: 1494 | M37: 0 | N37: =M37+L37 -> 1494 | O37: 0 | P37: 73
A38: 44865 | B38: 1 | C38: =MONTH(A38) -> 10 | D38: 2023 | E38: CP46 | F38: 0 | G38: =IF(D38=2023,F38*'Average selling price'!$B$2, IF(D38=2024,F38*'Average selling price'!$C$2, IF(D38=2025,F38*'Average selling price'!$D$2,""))) -> 0 | H38: 0 | I38: =IF($D38=2023,H38*'Average selling price'!$B$3, IF($D38=2024,H38*'Average selling price'!$C$3, IF($D38=2025,H38*'Average selling price'!$D$3,""))) -> 0 | J38: 0 | K38: =IF($D38=2023,J38*'Average selling price'!$B$4, IF($D38=2024,J38*'Average selling price'!$C$4, IF($D38=2025,J38*'Average selling price'!$D$4,""))) -> 0 | L38: 542 | M38: 1818 | N38: =M38+L38 -> 2360 | O38: 78 | P38: 116
A39: 44865 | B39: 1 | C39: =MONTH(A39) -> 10 | D39: 2023 | E39: CP47 | F39: -1 | G39: =IF(D39=2023,F39*'Average selling price'!$B$2, IF(D39=2024,F39*'Average selling price'!$C$2, IF(D39=2025,F39*'Average selling price'!$D$2,""))) -> -4919 | H39: 0 | I39: =IF($D39=2023,H39*'Average selling price'!$B$3, IF($D39=2024,H39*'Average selling price'!$C$3, IF($D39=2025,H39*'Average selling price'!$D$3,""))) -> 0 | J39: 0 | K39: =IF($D39=2023,J39*'Average selling price'!$B$4, IF($D39=2024,J39*'Average selling price'!$C$4, IF($D39=2025,J39*'Average selling price'!$D$4,""))) -> 0 | L39: 23 | M39: 870 | N39: =M39+L39 -> 893 | O39: 2170 | P39: 214
... A2100: 45229 | B2100: 53 | C2100: =MONTH(A2100) -> 10 | D2100: 2023 | E2100: CP11 | F2100: 0 | G2100: =IF(D2100=2023,F2100*'Average selling price'!$B$2, IF(D2100=2024,F2100*'Average selling price'!$C$2, IF(D2100=2025,F2100*'Average selling price'!$D$2,""))) -> 0 | H2100: 0 | I2100: =IF($D2100=2023,H2100*'Average selling price'!$B$3, IF($D2100=2024,H2100*'Average selling price'!$C$3, IF($D2100=2025,H2100*'Average selling price'!$D$3,""))) -> 0 | J2100: 0 | K2100: =IF($D2100=2023,J2100*'Average selling price'!$B$4, IF($D2100=2024,J2100*'Average selling price'!$C$4, IF($D2100=2025,J2100*'Average selling price'!$D$4,""))) -> 0 | L2100: 3011 | M2100: 2355 | N2100: =M2100+L2100 -> 5366 | O2100: 3120 | P2100: 108
A2101: 45229 | B2101: 53 | C2101: =MONTH(A2101) -> 10 | D2101: 2023 | E2101: CP12 | F2101: 2 | G2101: =IF(D2101=2023,F2101*'Average selling price'!$B$2, IF(D2101=2024,F2101*'Average selling price'!$C$2, IF(D2101=2025,F2101*'Average selling price'!$D$2,""))) -> 9838 | H2101: 0 | I2101: =IF($D2101=2023,H2101*'Average selling price'!$B$3, IF($D2101=2024,H2101*'Average selling price'!$C$3, IF($D2101=2025,H2101*'Average selling price'!$D$3,""))) -> 0 | K2101: =IF($D2101=2023,J2101*'Average selling price'!$B$4, IF($D2101=2024,J2101*'Average selling price'!$C$4, IF($D2101=2025,J2101*'Average selling price'!$D$4,""))) -> 0 | L2101: 2600 | M2101: 3350 | N2101: =M2101+L2101 -> 5950 | O2101: 9260 | P2101: 0
A2102: 45229 | B2102: 53 | C2102: =MONTH(A2102) -> 10 | D2102: 2023 | E2102: CP13 | F2102: 1 | G2102: =IF(D2102=2023,F2102*'Average selling price'!$B$2, IF(D2102=2024,F2102*'Average selling price'!$C$2, IF(D2102=2025,F2102*'Average selling price'!$D$2,""))) -> 4919 | H2102: 0 | I2102: =IF($D2102=2023,H2102*'Average selling price'!$B$3, IF($D2102=2024,H2102*'Average selling price'!$C$3, IF($D2102=2025,H2102*'Average selling price'!$D$3,""))) -> 0 | J2102: 3 | K2102: =IF($D2102=2023,J2102*'Average selling price'!$B$4, IF($D2102=2024,J2102*'Average selling price'!$C$4, IF($D2102=2025,J2102*'Average selling price'!$D$4,""))) -> 32304 | L2102: 6862 | M2102: 1700 | N2102: =M2102+L2102 -> 8562 | O2102: 125 | P2102: 0
A2103: 45229 | B2103: 53 | C2103: =MONTH(A2103) -> 10 | D2103: 2023 | E2103: CP15 | F2103: 3 | G2103: =IF(D2103=2023,F2103*'Average selling price'!$B$2, IF(D2103=2024,F2103*'Average selling price'!$C$2, IF(D2103=2025,F2103*'Average selling price'!$D$2,""))) -> 14757 | H2103: 0 | I2103: =IF($D2103=2023,H2103*'Average selling price'!$B$3, IF($D2103=2024,H2103*'Average selling price'!$C$3, IF($D2103=2025,H2103*'Average selling price'!$D$3,""))) -> 0 | J2103: 0 | K2103: =IF($D2103=2023,J2103*'Average selling price'!$B$4, IF($D2103=2024,J2103*'Average selling price'!$C$4, IF($D2103=2025,J2103*'Average selling price'!$D$4,""))) -> 0 | L2103: 1770 | M2103: 3260 | N2103: =M2103+L2103 -> 5030 | O2103: 1250 | P2103: 0
A2104: 45229 | B2104: 53 | C2104: =MONTH(A2104) -> 10 | D2104: 2023 | E2104: CP16 | F2104: 1 | G2104: =IF(D2104=2023,F2104*'Average selling price'!$B$2, IF(D2104=2024,F2104*'Average selling price'!$C$2, IF(D2104=2025,F2104*'Average selling price'!$D$2,""))) -> 4919 | H2104: 0 | I2104: =IF($D2104=2023,H2104*'Average selling price'!$B$3, IF($D2104=2024,H2104*'Average selling price'!$C$3, IF($D2104=2025,H2104*'Average selling price'!$D$3,""))) -> 0 | J2104: 0 | K2104: =IF($D2104=2023,J2104*'Average selling price'!$B$4, IF($D2104=2024,J2104*'Average selling price'!$C$4, IF($D2104=2025,J2104*'Average selling price'!$D$4,""))) -> 0 | L2104: 3565 | M2104: 3780 | N2104: =M2104+L2104 -> 7345 | O2104: 1900 | P2104: 0
A2105: 45229 | B2105: 53 | C2105: =MONTH(A2105) -> 10 | D2105: 2023 | E2105: CP17 | F2105: 1 | G2105: =IF(D2105=2023,F2105*'Average selling price'!$B$2, IF(D2105=2024,F2105*'Average selling price'!$C$2, IF(D2105=2025,F2105*'Average selling price'!$D$2,""))) -> 4919 | H2105: 0 | I2105: =IF($D2105=2023,H2105*'Average selling price'!$B$3, IF($D2105=2024,H2105*'Average selling price'!$C$3, IF($D2105=2025,H2105*'Average selling price'!$D$3,""))) -> 0 | J2105: 3 | K2105: =IF($D2105=2023,J2105*'Average selling price'!$B$4, IF($D2105=2024,J2105*'Average selling price'!$C$4, IF($D2105=2025,J2105*'Average selling price'!$D$4,""))) -> 32304 | L2105: 855 | M2105: 0 | N2105: =M2105+L2105 -> 855 | O2105: 1548 | P2105: -97
A2106: 45229 | B2106: 53 | C2106: =MONTH(A2106) -> 10 | D2106: 2023 | E2106: CP18 | F2106: 0 | G2106: =IF(D2106=2023,F2106*'Average selling price'!$B$2, IF(D2106=2024,F2106*'Average selling price'!$C$2, IF(D2106=2025,F2106*'Average selling price'!$D$2,""))) -> 0 | H2106: 0 | I2106: =IF($D2106=2023,H2106*'Average selling price'!$B$3, IF($D2106=2024,H2106*'Average selling price'!$C$3, IF($D2106=2025,H2106*'Average selling price'!$D$3,""))) -> 0 | J2106: 0 | K2106: =IF($D2106=2023,J2106*'Average selling price'!$B$4, IF($D2106=2024,J2106*'Average selling price'!$C$4, IF($D2106=2025,J2106*'Average selling price'!$D$4,""))) -> 0 | L2106: 2660 | M2106: 350 | N2106: =M2106+L2106 -> 3010 | O2106: 0 | P2106: 1301
A2107: 45229 | B2107: 53 | C2107: =MONTH(A2107) -> 10 | D2107: 2023 | E2107: CP20 | F2107: 0 | G2107: =IF(D2107=2023,F2107*'Average selling price'!$B$2, IF(D2107=2024,F2107*'Average selling price'!$C$2, IF(D2107=2025,F2107*'Average selling price'!$D$2,""))) -> 0 | H2107: 0 | I2107: =IF($D2107=2023,H2107*'Average selling price'!$B$3, IF($D2107=2024,H2107*'Average selling price'!$C$3, IF($D2107=2025,H2107*'Average selling price'!$D$3,""))) -> 0 | J2107: 0 | K2107: =IF($D2107=2023,J2107*'Average selling price'!$B$4, IF($D2107=2024,J2107*'Average selling price'!$C$4, IF($D2107=2025,J2107*'Average selling price'!$D$4,""))) -> 0 | L2107: 2977 | M2107: 12460 | N2107: =M2107+L2107 -> 15437 | O2107: 220 | P2107: 6
A2108: 45229 | B2108: 53 | C2108: =MONTH(A2108) -> 10 | D2108: 2023 | E2108: CP21 | F2108: 0 | G2108: =IF(D2108=2023,F2108*'Average selling price'!$B$2, IF(D2108=2024,F2108*'Average selling price'!$C$2, IF(D2108=2025,F2108*'Average selling price'!$D$2,""))) -> 0 | H2108: 0 | I2108: =IF($D2108=2023,H2108*'Average selling price'!$B$3, IF($D2108=2024,H2108*'Average selling price'!$C$3, IF($D2108=2025,H2108*'Average selling price'!$D$3,""))) -> 0 | J2108: 1 | K2108: =IF($D2108=2023,J2108*'Average selling price'!$B$4, IF($D2108=2024,J2108*'Average selling price'!$C$4, IF($D2108=2025,J2108*'Average selling price'!$D$4,""))) -> 10768 | L2108: 660 | M2108: 300 | N2108: =M2108+L2108 -> 960 | O2108: 3954 | P2108: 480
A2109: 45229 | B2109: 53 | C2109: =MONTH(A2109) -> 10 | D2109: 2023 | E2109: CP23 | F2109: 2 | G2109: =IF(D2109=2023,F2109*'Average selling price'!$B$2, IF(D2109=2024,F2109*'Average selling price'!$C$2, IF(D2109=2025,F2109*'Average selling price'!$D$2,""))) -> 9838 | H2109: 0 | I2109: =IF($D2109=2023,H2109*'Average selling price'!$B$3, IF($D2109=2024,H2109*'Average selling price'!$C$3, IF($D2109=2025,H2109*'Average selling price'!$D$3,""))) -> 0 | J2109: 1 | K2109: =IF($D2109=2023,J2109*'Average selling price'!$B$4, IF($D2109=2024,J2109*'Average selling price'!$C$4, IF($D2109=2025,J2109*'Average selling price'!$D$4,""))) -> 10768 | L2109: 10485 | M2109: 3850 | N2109: =M2109+L2109 -> 14335 | O2109: 3269 | P2109: 607
A2110: 45229 | B2110: 53 | C2110: =MONTH(A2110) -> 10 | D2110: 2023 | E2110: CP24 | F2110: 0 | G2110: =IF(D2110=2023,F2110*'Average selling price'!$B$2, IF(D2110=2024,F2110*'Average selling price'!$C$2, IF(D2110=2025,F2110*'Average selling price'!$D$2,""))) -> 0 | H2110: 0 | I2110: =IF($D2110=2023,H2110*'Average selling price'!$B$3, IF($D2110=2024,H2110*'Average selling price'!$C$3, IF($D2110=2025,H2110*'Average selling price'!$D$3,""))) -> 0 | J2110: 0 | K2110: =IF($D2110=2023,J2110*'Average selling price'!$B$4, IF($D2110=2024,J2110*'Average selling price'!$C$4, IF($D2110=2025,J2110*'Average selling price'!$D$4,""))) -> 0 | L2110: 0 | M2110: 0 | N2110: =M2110+L2110 -> 0 | O2110: 0 | P2110: 0
A2111: 45229 | B2111: 53 | C2111: =MONTH(A2111) -> 10 | D2111: 2023 | E2111: CP28 | F2111: 0 | G2111: =IF(D2111=2023,F2111*'Average selling price'!$B$2, IF(D2111=2024,F2111*'Average selling price'!$C$2, IF(D2111=2025,F2111*'Average selling price'!$D$2,""))) -> 0 | H2111: 0 | I2111: =IF($D2111=2023,H2111*'Average selling price'!$B$3, IF($D2111=2024,H2111*'Average selling price'!$C$3, IF($D2111=2025,H2111*'Average selling price'!$D$3,""))) -> 0 | J2111: 1 | K2111: =IF($D2111=2023,J2111*'Average selling price'!$B$4, IF($D2111=2024,J2111*'Average selling price'!$C$4, IF($D2111=2025,J2111*'Average selling price'!$D$4,""))) -> 10768 | L2111: 270 | M2111: 300 | N2111: =M2111+L2111 -> 570 | O2111: 900 | P2111: 0
A2112: 45229 | B2112: 53 | C2112: =MONTH(A2112) -> 10 | D2112: 2023 | E2112: CP29 | F2112: 1 | G2112: =IF(D2112=2023,F2112*'Average selling price'!$B$2, IF(D2112=2024,F2112*'Average selling price'!$C$2, IF(D2112=2025,F2112*'Average selling price'!$D$2,""))) -> 4919 | H2112: 0 | I2112: =IF($D2112=2023,H2112*'Average selling price'!$B$3, IF($D2112=2024,H2112*'Average selling price'!$C$3, IF($D2112=2025,H2112*'Average selling price'!$D$3,""))) -> 0 | J2112: 0 | K2112: =IF($D2112=2023,J2112*'Average selling price'!$B$4, IF($D2112=2024,J2112*'Average selling price'!$C$4, IF($D2112=2025,J2112*'Average selling price'!$D$4,""))) -> 0 | L2112: 350 | M2112: 350 | N2112: =M2112+L2112 -> 700 | O2112: 810 | P2112: 0
A2113: 45229 | B2113: 53 | C2113: =MONTH(A2113) -> 10 | D2113: 2023 | E2113: CP31 | F2113: 0 | G2113: =IF(D2113=2023,F2113*'Average selling price'!$B$2, IF(D2113=2024,F2113*'Average selling price'!$C$2, IF(D2113=2025,F2113*'Average selling price'!$D$2,""))) -> 0 | H2113: 1 | I2113: =IF($D2113=2023,H2113*'Average selling price'!$B$3, IF($D2113=2024,H2113*'Average selling price'!$C$3, IF($D2113=2025,H2113*'Average selling price'!$D$3,""))) -> 29064 | J2113: 0 | K2113: =IF($D2113=2023,J2113*'Average selling price'!$B$4, IF($D2113=2024,J2113*'Average selling price'!$C$4, IF($D2113=2025,J2113*'Average selling price'!$D$4,""))) -> 0 | L2113: 5752 | M2113: 952 | N2113: =M2113+L2113 -> 6704 | O2113: 323 | P2113: 0
... A2753: 45341 | B2753: 16 | C2753: =MONTH(A2753) -> 2 | D2753: 2024 | E2753: CP28 | F2753: 1 | G2753: =IF(D2753=2023,F2753*'Average selling price'!$B$2, IF(D2753=2024,F2753*'Average selling price'!$C$2, IF(D2753=2025,F2753*'Average selling price'!$D$2,""))) -> 5286 | H2753: 0 | I2753: =IF($D2753=2023,H2753*'Average selling price'!$B$3, IF($D2753=2024,H2753*'Average selling price'!$C$3, IF($D2753=2025,H2753*'Average selling price'!$D$3,""))) -> 0 | J2753: 0 | K2753: =IF($D2753=2023,J2753*'Average selling price'!$B$4, IF($D2753=2024,J2753*'Average selling price'!$C$4, IF($D2753=2025,J2753*'Average selling price'!$D$4,""))) -> 0 | L2753: 400 | M2753: 900 | N2753: =M2753+L2753 -> 1300 | O2753: 0 | P2753: 0
A2754: 45341 | B2754: 16 | C2754: =MONTH(A2754) -> 2 | D2754: 2024 | E2754: CP29 | F2754: 7 | G2754: =IF(D2754=2023,F2754*'Average selling price'!$B$2, IF(D2754=2024,F2754*'Average selling price'!$C$2, IF(D2754=2025,F2754*'Average selling price'!$D$2,""))) -> 37002 | H2754: 0 | I2754: =IF($D2754=2023,H2754*'Average selling price'!$B$3, IF($D2754=2024,H2754*'Average selling price'!$C$3, IF($D2754=2025,H2754*'Average selling price'!$D$3,""))) -> 0 | J2754: 2 | K2754: =IF($D2754=2023,J2754*'Average selling price'!$B$4, IF($D2754=2024,J2754*'Average selling price'!$C$4, IF($D2754=2025,J2754*'Average selling price'!$D$4,""))) -> 22270 | L2754: 9245 | M2754: 2770 | N2754: =M2754+L2754 -> 12015 | P2754: 0
A2755: 45341 | B2755: 16 | C2755: =MONTH(A2755) -> 2 | D2755: 2024 | E2755: CP31 | F2755: 0 | G2755: =IF(D2755=2023,F2755*'Average selling price'!$B$2, IF(D2755=2024,F2755*'Average selling price'!$C$2, IF(D2755=2025,F2755*'Average selling price'!$D$2,""))) -> 0 | H2755: 0 | I2755: =IF($D2755=2023,H2755*'Average selling price'!$B$3, IF($D2755=2024,H2755*'Average selling price'!$C$3, IF($D2755=2025,H2755*'Average selling price'!$D$3,""))) -> 0 | J2755: 0 | K2755: =IF($D2755=2023,J2755*'Average selling price'!$B$4, IF($D2755=2024,J2755*'Average selling price'!$C$4, IF($D2755=2025,J2755*'Average selling price'!$D$4,""))) -> 0 | L2755: 1498 | M2755: 4082 | N2755: =M2755+L2755 -> 5580 | O2755: 0 | P2755: 35
A2756: 45341 | B2756: 16 | C2756: =MONTH(A2756) -> 2 | D2756: 2024 | E2756: CP32 | F2756: -1 | G2756: =IF(D2756=2023,F2756*'Average selling price'!$B$2, IF(D2756=2024,F2756*'Average selling price'!$C$2, IF(D2756=2025,F2756*'Average selling price'!$D$2,""))) -> -5286 | H2756: 0 | I2756: =IF($D2756=2023,H2756*'Average selling price'!$B$3, IF($D2756=2024,H2756*'Average selling price'!$C$3, IF($D2756=2025,H2756*'Average selling price'!$D$3,""))) -> 0 | J2756: 0 | K2756: =IF($D2756=2023,J2756*'Average selling price'!$B$4, IF($D2756=2024,J2756*'Average selling price'!$C$4, IF($D2756=2025,J2756*'Average selling price'!$D$4,""))) -> 0 | L2756: 948 | M2756: 7940 | N2756: =M2756+L2756 -> 8888 | O2756: 190 | P2756: 0
A2757: 45341 | B2757: 16 | C2757: =MONTH(A2757) -> 2 | D2757: 2024 | E2757: CP33 | F2757: 3 | G2757: =IF(D2757=2023,F2757*'Average selling price'!$B$2, IF(D2757=2024,F2757*'Average selling price'!$C$2, IF(D2757=2025,F2757*'Average selling price'!$D$2,""))) -> 15858 | H2757: 0 | I2757: =IF($D2757=2023,H2757*'Average selling price'!$B$3, IF($D2757=2024,H2757*'Average selling price'!$C$3, IF($D2757=2025,H2757*'Average selling price'!$D$3,""))) -> 0 | J2757: 0 | K2757: =IF($D2757=2023,J2757*'Average selling price'!$B$4, IF($D2757=2024,J2757*'Average selling price'!$C$4, IF($D2757=2025,J2757*'Average selling price'!$D$4,""))) -> 0 | L2757: 2890 | M2757: 4900 | N2757: =M2757+L2757 -> 7790 | O2757: 0 | P2757: 0
A2758: 45341 | B2758: 16 | C2758: =MONTH(A2758) -> 2 | D2758: 2024 | E2758: CP35 | F2758: 8 | G2758: =IF(D2758=2023,F2758*'Average selling price'!$B$2, IF(D2758=2024,F2758*'Average selling price'!$C$2, IF(D2758=2025,F2758*'Average selling price'!$D$2,""))) -> 42288 | H2758: 0 | I2758: =IF($D2758=2023,H2758*'Average selling price'!$B$3, IF($D2758=2024,H2758*'Average selling price'!$C$3, IF($D2758=2025,H2758*'Average selling price'!$D$3,""))) -> 0 | J2758: 4 | K2758: =IF($D2758=2023,J2758*'Average selling price'!$B$4, IF($D2758=2024,J2758*'Average selling price'!$C$4, IF($D2758=2025,J2758*'Average selling price'!$D$4,""))) -> 44540 | L2758: 2020 | M2758: 2144 | N2758: =M2758+L2758 -> 4164 | O2758: 22 | P2758: 14
A2759: 45341 | B2759: 16 | C2759: =MONTH(A2759) -> 2 | D2759: 2024 | E2759: CP36 | F2759: 3 | G2759: =IF(D2759=2023,F2759*'Average selling price'!$B$2, IF(D2759=2024,F2759*'Average selling price'!$C$2, IF(D2759=2025,F2759*'Average selling price'!$D$2,""))) -> 15858 | H2759: 1 | I2759: =IF($D2759=2023,H2759*'Average selling price'!$B$3, IF($D2759=2024,H2759*'Average selling price'!$C$3, IF($D2759=2025,H2759*'Average selling price'!$D$3,""))) -> 32755 | J2759: 0 | K2759: =IF($D2759=2023,J2759*'Average selling price'!$B$4, IF($D2759=2024,J2759*'Average selling price'!$C$4, IF($D2759=2025,J2759*'Average selling price'!$D$4,""))) -> 0 | L2759: 5400 | M2759: 0 | N2759: =M2759+L2759 -> 5400 | O2759: 1700 | P2759: 2500
A2760: 45341 | B2760: 16 | C2760: =MONTH(A2760) -> 2 | D2760: 2024 | E2760: CP37 | F2760: 4 | G2760: =IF(D2760=2023,F2760*'Average selling price'!$B$2, IF(D2760=2024,F2760*'Average selling price'!$C$2, IF(D2760=2025,F2760*'Average selling price'!$D$2,""))) -> 21144 | H2760: 0 | I2760: =IF($D2760=2023,H2760*'Average selling price'!$B$3, IF($D2760=2024,H2760*'Average selling price'!$C$3, IF($D2760=2025,H2760*'Average selling price'!$D$3,""))) -> 0 | J2760: 2 | K2760: =IF($D2760=2023,J2760*'Average selling price'!$B$4, IF($D2760=2024,J2760*'Average selling price'!$C$4, IF($D2760=2025,J2760*'Average selling price'!$D$4,""))) -> 22270 | L2760: 21937 | M2760: 7000 | N2760: =M2760+L2760 -> 28937 | O2760: 2020 | P2760: 0
A2761: 45341 | B2761: 16 | C2761: =MONTH(A2761) -> 2 | D2761: 2024 | E2761: CP39 | F2761: 3 | G2761: =IF(D2761=2023,F2761*'Average selling price'!$B$2, IF(D2761=2024,F2761*'Average selling price'!$C$2, IF(D2761=2025,F2761*'Average selling price'!$D$2,""))) -> 15858 | H2761: 0 | I2761: =IF($D2761=2023,H2761*'Average selling price'!$B$3, IF($D2761=2024,H2761*'Average selling price'!$C$3, IF($D2761=2025,H2761*'Average selling price'!$D$3,""))) -> 0 | J2761: 1 | K2761: =IF($D2761=2023,J2761*'Average selling price'!$B$4, IF($D2761=2024,J2761*'Average selling price'!$C$4, IF($D2761=2025,J2761*'Average selling price'!$D$4,""))) -> 11135 | L2761: 1248 | M2761: 4000 | N2761: =M2761+L2761 -> 5248 | O2761: 1700 | P2761: 0
A2762: 45341 | B2762: 16 | C2762: =MONTH(A2762) -> 2 | D2762: 2024 | E2762: CP40 | F2762: 2 | G2762: =IF(D2762=2023,F2762*'Average selling price'!$B$2, IF(D2762=2024,F2762*'Average selling price'!$C$2, IF(D2762=2025,F2762*'Average selling price'!$D$2,""))) -> 10572 | H2762: 0 | I2762: =IF($D2762=2023,H2762*'Average selling price'!$B$3, IF($D2762=2024,H2762*'Average selling price'!$C$3, IF($D2762=2025,H2762*'Average selling price'!$D$3,""))) -> 0 | J2762: 1 | K2762: =IF($D2762=2023,J2762*'Average selling price'!$B$4, IF($D2762=2024,J2762*'Average selling price'!$C$4, IF($D2762=2025,J2762*'Average selling price'!$D$4,""))) -> 11135 | L2762: 2200 | M2762: 0 | N2762: =M2762+L2762 -> 2200 | O2762: 900 | P2762: 0
A2763: 45341 | B2763: 16 | C2763: =MONTH(A2763) -> 2 | D2763: 2024 | E2763: CP41 | F2763: 0 | G2763: =IF(D2763=2023,F2763*'Average selling price'!$B$2, IF(D2763=2024,F2763*'Average selling price'!$C$2, IF(D2763=2025,F2763*'Average selling price'!$D$2,""))) -> 0 | H2763: 0 | I2763: =IF($D2763=2023,H2763*'Average selling price'!$B$3, IF($D2763=2024,H2763*'Average selling price'!$C$3, IF($D2763=2025,H2763*'Average selling price'!$D$3,""))) -> 0 | J2763: 1 | K2763: =IF($D2763=2023,J2763*'Average selling price'!$B$4, IF($D2763=2024,J2763*'Average selling price'!$C$4, IF($D2763=2025,J2763*'Average selling price'!$D$4,""))) -> 11135 | L2763: 6930 | M2763: 4910 | N2763: =M2763+L2763 -> 11840 | O2763: 300 | P2763: 0
A2764: 45341 | B2764: 16 | C2764: =MONTH(A2764) -> 2 | D2764: 2024 | E2764: CP42 | F2764: 0 | G2764: =IF(D2764=2023,F2764*'Average selling price'!$B$2, IF(D2764=2024,F2764*'Average selling price'!$C$2, IF(D2764=2025,F2764*'Average selling price'!$D$2,""))) -> 0 | H2764: 0 | I2764: =IF($D2764=2023,H2764*'Average selling price'!$B$3, IF($D2764=2024,H2764*'Average selling price'!$C$3, IF($D2764=2025,H2764*'Average selling price'!$D$3,""))) -> 0 | J2764: 0 | K2764: =IF($D2764=2023,J2764*'Average selling price'!$B$4, IF($D2764=2024,J2764*'Average selling price'!$C$4, IF($D2764=2025,J2764*'Average selling price'!$D$4,""))) -> 0 | L2764: 0 | M2764: 0 | N2764: =M2764+L2764 -> 0 | O2764: 0 | P2764: 0
A2765: 45341 | B2765: 16 | C2765: =MONTH(A2765) -> 2 | D2765: 2024 | E2765: CP43 | F2765: 4 | G2765: =IF(D2765=2023,F2765*'Average selling price'!$B$2, IF(D2765=2024,F2765*'Average selling price'!$C$2, IF(D2765=2025,F2765*'Average selling price'!$D$2,""))) -> 21144 | H2765: 0 | I2765: =IF($D2765=2023,H2765*'Average selling price'!$B$3, IF($D2765=2024,H2765*'Average selling price'!$C$3, IF($D2765=2025,H2765*'Average selling price'!$D$3,""))) -> 0 | J2765: 2 | K2765: =IF($D2765=2023,J2765*'Average selling price'!$B$4, IF($D2765=2024,J2765*'Average selling price'!$C$4, IF($D2765=2025,J2765*'Average selling price'!$D$4,""))) -> 22270 | L2765: 16026 | M2765: 6761 | N2765: =M2765+L2765 -> 22787 | O2765: 6225 | P2765: 0
A2766: 45341 | B2766: 16 | C2766: =MONTH(A2766) -> 2 | D2766: 2024 | E2766: CP44 | F2766: 1 | G2766: =IF(D2766=2023,F2766*'Average selling price'!$B$2, IF(D2766=2024,F2766*'Average selling price'!$C$2, IF(D2766=2025,F2766*'Average selling price'!$D$2,""))) -> 5286 | H2766: 0 | I2766: =IF($D2766=2023,H2766*'Average selling price'!$B$3, IF($D2766=2024,H2766*'Average selling price'!$C$3, IF($D2766=2025,H2766*'Average selling price'!$D$3,""))) -> 0 | J2766: 1 | K2766: =IF($D2766=2023,J2766*'Average selling price'!$B$4, IF($D2766=2024,J2766*'Average selling price'!$C$4, IF($D2766=2025,J2766*'Average selling price'!$D$4,""))) -> 11135 | L2766: 1950 | M2766: 900 | N2766: =M2766+L2766 -> 2850 | O2766: 4900 | P2766: 0
... A3010: 45383 | B3010: 22 | C3010: =MONTH(A3010) -> 4 | D3010: 2024 | E3010: CP48 | F3010: 1 | G3010: =IF(D3010=2023,F3010*'Average selling price'!$B$2, IF(D3010=2024,F3010*'Average selling price'!$C$2, IF(D3010=2025,F3010*'Average selling price'!$D$2,""))) -> 5286 | H3010: 1 | I3010: =IF($D3010=2023,H3010*'Average selling price'!$B$3, IF($D3010=2024,H3010*'Average selling price'!$C$3, IF($D3010=2025,H3010*'Average selling price'!$D$3,""))) -> 32755 | J3010: 0 | K3010: =IF($D3010=2023,J3010*'Average selling price'!$B$4, IF($D3010=2024,J3010*'Average selling price'!$C$4, IF($D3010=2025,J3010*'Average selling price'!$D$4,""))) -> 0 | L3010: 28849 | M3010: 12326 | N3010: =M3010+L3010 -> 41175 | O3010: 0 | P3010: 1050
A3011: 45383 | B3011: 22 | C3011: =MONTH(A3011) -> 4 | D3011: 2024 | E3011: CP49 | F3011: 0 | G3011: =IF(D3011=2023,F3011*'Average selling price'!$B$2, IF(D3011=2024,F3011*'Average selling price'!$C$2, IF(D3011=2025,F3011*'Average selling price'!$D$2,""))) -> 0 | H3011: 0 | I3011: =IF($D3011=2023,H3011*'Average selling price'!$B$3, IF($D3011=2024,H3011*'Average selling price'!$C$3, IF($D3011=2025,H3011*'Average selling price'!$D$3,""))) -> 0 | J3011: 1 | K3011: =IF($D3011=2023,J3011*'Average selling price'!$B$4, IF($D3011=2024,J3011*'Average selling price'!$C$4, IF($D3011=2025,J3011*'Average selling price'!$D$4,""))) -> 11135 | L3011: 0 | M3011: 0 | N3011: =M3011+L3011 -> 0 | P3011: 550
A3012: 45383 | B3012: 22 | C3012: =MONTH(A3012) -> 4 | D3012: 2024 | E3012: CP202 | F3012: 0 | G3012: =IF(D3012=2023,F3012*'Average selling price'!$B$2, IF(D3012=2024,F3012*'Average selling price'!$C$2, IF(D3012=2025,F3012*'Average selling price'!$D$2,""))) -> 0 | H3012: 0 | I3012: =IF($D3012=2023,H3012*'Average selling price'!$B$3, IF($D3012=2024,H3012*'Average selling price'!$C$3, IF($D3012=2025,H3012*'Average selling price'!$D$3,""))) -> 0 | J3012: 6 | K3012: =IF($D3012=2023,J3012*'Average selling price'!$B$4, IF($D3012=2024,J3012*'Average selling price'!$C$4, IF($D3012=2025,J3012*'Average selling price'!$D$4,""))) -> 66810 | L3012: 31898 | M3012: 45399 | N3012: =M3012+L3012 -> 77297 | O3012: 0 | P3012: 0
A3013: 45390 | B3013: 23 | C3013: =MONTH(A3013) -> 4 | D3013: 2024 | E3013: CP01 | F3013: 19 | G3013: =IF(D3013=2023,F3013*'Average selling price'!$B$2, IF(D3013=2024,F3013*'Average selling price'!$C$2, IF(D3013=2025,F3013*'Average selling price'!$D$2,""))) -> 100434 | H3013: 3 | I3013: =IF($D3013=2023,H3013*'Average selling price'!$B$3, IF($D3013=2024,H3013*'Average selling price'!$C$3, IF($D3013=2025,H3013*'Average selling price'!$D$3,""))) -> 98265 | J3013: 8 | K3013: =IF($D3013=2023,J3013*'Average selling price'!$B$4, IF($D3013=2024,J3013*'Average selling price'!$C$4, IF($D3013=2025,J3013*'Average selling price'!$D$4,""))) -> 89080 | L3013: 118981 | M3013: 55962 | N3013: =M3013+L3013 -> 174943 | O3013: 78 | P3013: 9430
A3014: 45390 | B3014: 23 | C3014: =MONTH(A3014) -> 4 | D3014: 2024 | E3014: CP02 | F3014: 11 | G3014: =IF(D3014=2023,F3014*'Average selling price'!$B$2, IF(D3014=2024,F3014*'Average selling price'!$C$2, IF(D3014=2025,F3014*'Average selling price'!$D$2,""))) -> 58146 | H3014: 1 | I3014: =IF($D3014=2023,H3014*'Average selling price'!$B$3, IF($D3014=2024,H3014*'Average selling price'!$C$3, IF($D3014=2025,H3014*'Average selling price'!$D$3,""))) -> 32755 | J3014: 4 | K3014: =IF($D3014=2023,J3014*'Average selling price'!$B$4, IF($D3014=2024,J3014*'Average selling price'!$C$4, IF($D3014=2025,J3014*'Average selling price'!$D$4,""))) -> 44540 | L3014: 42771 | M3014: 14300 | N3014: =M3014+L3014 -> 57071 | O3014: 1800 | P3014: 0
A3015: 45390 | B3015: 23 | C3015: =MONTH(A3015) -> 4 | D3015: 2024 | E3015: CP03 | F3015: 2 | G3015: =IF(D3015=2023,F3015*'Average selling price'!$B$2, IF(D3015=2024,F3015*'Average selling price'!$C$2, IF(D3015=2025,F3015*'Average selling price'!$D$2,""))) -> 10572 | H3015: 0 | I3015: =IF($D3015=2023,H3015*'Average selling price'!$B$3, IF($D3015=2024,H3015*'Average selling price'!$C$3, IF($D3015=2025,H3015*'Average selling price'!$D$3,""))) -> 0 | J3015: 0 | K3015: =IF($D3015=2023,J3015*'Average selling price'!$B$4, IF($D3015=2024,J3015*'Average selling price'!$C$4, IF($D3015=2025,J3015*'Average selling price'!$D$4,""))) -> 0 | L3015: 26789 | M3015: 8813 | N3015: =M3015+L3015 -> 35602 | O3015: 0 | P3015: 7704
A3016: 45390 | B3016: 23 | C3016: =MONTH(A3016) -> 4 | D3016: 2024 | E3016: CP04 | F3016: 3 | G3016: =IF(D3016=2023,F3016*'Average selling price'!$B$2, IF(D3016=2024,F3016*'Average selling price'!$C$2, IF(D3016=2025,F3016*'Average selling price'!$D$2,""))) -> 15858 | H3016: 0 | I3016: =IF($D3016=2023,H3016*'Average selling price'!$B$3, IF($D3016=2024,H3016*'Average selling price'!$C$3, IF($D3016=2025,H3016*'Average selling price'!$D$3,""))) -> 0 | J3016: 5 | K3016: =IF($D3016=2023,J3016*'Average selling price'!$B$4, IF($D3016=2024,J3016*'Average selling price'!$C$4, IF($D3016=2025,J3016*'Average selling price'!$D$4,""))) -> 55675 | L3016: 14862 | M3016: 39985 | N3016: =M3016+L3016 -> 54847 | O3016: 0 | P3016: 724
A3017: 45390 | B3017: 23 | C3017: =MONTH(A3017) -> 4 | D3017: 2024 | E3017: CP05 | F3017: 13 | G3017: =IF(D3017=2023,F3017*'Average selling price'!$B$2, IF(D3017=2024,F3017*'Average selling price'!$C$2, IF(D3017=2025,F3017*'Average selling price'!$D$2,""))) -> 68718 | H3017: 0 | I3017: =IF($D3017=2023,H3017*'Average selling price'!$B$3, IF($D3017=2024,H3017*'Average selling price'!$C$3, IF($D3017=2025,H3017*'Average selling price'!$D$3,""))) -> 0 | J3017: 12 | K3017: =IF($D3017=2023,J3017*'Average selling price'!$B$4, IF($D3017=2024,J3017*'Average selling price'!$C$4, IF($D3017=2025,J3017*'Average selling price'!$D$4,""))) -> 133620 | L3017: 99353 | M3017: 66085 | N3017: =M3017+L3017 -> 165438 | O3017: 108 | P3017: 6540
A3018: 45390 | B3018: 23 | C3018: =MONTH(A3018) -> 4 | D3018: 2024 | E3018: CP06 | F3018: 4 | G3018: =IF(D3018=2023,F3018*'Average selling price'!$B$2, IF(D3018=2024,F3018*'Average selling price'!$C$2, IF(D3018=2025,F3018*'Average selling price'!$D$2,""))) -> 21144 | H3018: 0 | I3018: =IF($D3018=2023,H3018*'Average selling price'!$B$3, IF($D3018=2024,H3018*'Average selling price'!$C$3, IF($D3018=2025,H3018*'Average selling price'!$D$3,""))) -> 0 | J3018: 2 | K3018: =IF($D3018=2023,J3018*'Average selling price'!$B$4, IF($D3018=2024,J3018*'Average selling price'!$C$4, IF($D3018=2025,J3018*'Average selling price'!$D$4,""))) -> 22270 | L3018: 92281 | M3018: 31860 | N3018: =M3018+L3018 -> 124141 | O3018: 80 | P3018: 8385
A3019: 45390 | B3019: 23 | C3019: =MONTH(A3019) -> 4 | D3019: 2024 | E3019: CP07 | F3019: 9 | G3019: =IF(D3019=2023,F3019*'Average selling price'!$B$2, IF(D3019=2024,F3019*'Average selling price'!$C$2, IF(D3019=2025,F3019*'Average selling price'!$D$2,""))) -> 47574 | H3019: 2 | I3019: =IF($D3019=2023,H3019*'Average selling price'!$B$3, IF($D3019=2024,H3019*'Average selling price'!$C$3, IF($D3019=2025,H3019*'Average selling price'!$D$3,""))) -> 65510 | J3019: 5 | K3019: =IF($D3019=2023,J3019*'Average selling price'!$B$4, IF($D3019=2024,J3019*'Average selling price'!$C$4, IF($D3019=2025,J3019*'Average selling price'!$D$4,""))) -> 55675 | L3019: 158240 | M3019: 44964 | N3019: =M3019+L3019 -> 203204 | O3019: 2638 | P3019: 7589
A3020: 45390 | B3020: 23 | C3020: =MONTH(A3020) -> 4 | D3020: 2024 | E3020: CP08 | F3020: 2 | G3020: =IF(D3020=2023,F3020*'Average selling price'!$B$2, IF(D3020=2024,F3020*'Average selling price'!$C$2, IF(D3020=2025,F3020*'Average selling price'!$D$2,""))) -> 10572 | H3020: 0 | I3020: =IF($D3020=2023,H3020*'Average selling price'!$B$3, IF($D3020=2024,H3020*'Average selling price'!$C$3, IF($D3020=2025,H3020*'Average selling price'!$D$3,""))) -> 0 | J3020: 2 | K3020: =IF($D3020=2023,J3020*'Average selling price'!$B$4, IF($D3020=2024,J3020*'Average selling price'!$C$4, IF($D3020=2025,J3020*'Average selling price'!$D$4,""))) -> 22270 | L3020: 29771 | M3020: 15285 | N3020: =M3020+L3020 -> 45056 | O3020: 2050 | P3020: 4100
A3021: 45390 | B3021: 23 | C3021: =MONTH(A3021) -> 4 | D3021: 2024 | E3021: CP10 | F3021: 8 | G3021: =IF(D3021=2023,F3021*'Average selling price'!$B$2, IF(D3021=2024,F3021*'Average selling price'!$C$2, IF(D3021=2025,F3021*'Average selling price'!$D$2,""))) -> 42288 | H3021: 2 | I3021: =IF($D3021=2023,H3021*'Average selling price'!$B$3, IF($D3021=2024,H3021*'Average selling price'!$C$3, IF($D3021=2025,H3021*'Average selling price'!$D$3,""))) -> 65510 | J3021: 3 | K3021: =IF($D3021=2023,J3021*'Average selling price'!$B$4, IF($D3021=2024,J3021*'Average selling price'!$C$4, IF($D3021=2025,J3021*'Average selling price'!$D$4,""))) -> 33405 | L3021: 50180 | M3021: 28484 | N3021: =M3021+L3021 -> 78664 | O3021: 667 | P3021: 4655
A3022: 45390 | B3022: 23 | C3022: =MONTH(A3022) -> 4 | D3022: 2024 | E3022: CP11 | F3022: 4 | G3022: =IF(D3022=2023,F3022*'Average selling price'!$B$2, IF(D3022=2024,F3022*'Average selling price'!$C$2, IF(D3022=2025,F3022*'Average selling price'!$D$2,""))) -> 21144 | H3022: 3 | I3022: =IF($D3022=2023,H3022*'Average selling price'!$B$3, IF($D3022=2024,H3022*'Average selling price'!$C$3, IF($D3022=2025,H3022*'Average selling price'!$D$3,""))) -> 98265 | J3022: 2 | K3022: =IF($D3022=2023,J3022*'Average selling price'!$B$4, IF($D3022=2024,J3022*'Average selling price'!$C$4, IF($D3022=2025,J3022*'Average selling price'!$D$4,""))) -> 22270 | L3022: 46214 | M3022: 56332 | N3022: =M3022+L3022 -> 102546 | O3022: 5523 | P3022: 7051
A3023: 45390 | B3023: 23 | C3023: =MONTH(A3023) -> 4 | D3023: 2024 | E3023: CP12 | F3023: 3 | G3023: =IF(D3023=2023,F3023*'Average selling price'!$B$2, IF(D3023=2024,F3023*'Average selling price'!$C$2, IF(D3023=2025,F3023*'Average selling price'!$D$2,""))) -> 15858 | H3023: 0 | I3023: =IF($D3023=2023,H3023*'Average selling price'!$B$3, IF($D3023=2024,H3023*'Average selling price'!$C$3, IF($D3023=2025,H3023*'Average selling price'!$D$3,""))) -> 0 | J3023: 2 | K3023: =IF($D3023=2023,J3023*'Average selling price'!$B$4, IF($D3023=2024,J3023*'Average selling price'!$C$4, IF($D3023=2025,J3023*'Average selling price'!$D$4,""))) -> 22270 | L3023: 12862 | M3023: 0 | N3023: =M3023+L3023 -> 12862 | O3023: 69 | P3023: 3199
... A3578: 45481 | B3578: 36 | C3578: =MONTH(A3578) -> 7 | D3578: 2024 | E3578: CP47 | F3578: 1 | G3578: =IF(D3578=2023,F3578*'Average selling price'!$B$2, IF(D3578=2024,F3578*'Average selling price'!$C$2, IF(D3578=2025,F3578*'Average selling price'!$D$2,""))) -> 5286 | H3578: 0 | I3578: =IF($D3578=2023,H3578*'Average selling price'!$B$3, IF($D3578=2024,H3578*'Average selling price'!$C$3, IF($D3578=2025,H3578*'Average selling price'!$D$3,""))) -> 0 | J3578: 2 | K3578: =IF($D3578=2023,J3578*'Average selling price'!$B$4, IF($D3578=2024,J3578*'Average selling price'!$C$4, IF($D3578=2025,J3578*'Average selling price'!$D$4,""))) -> 22270 | L3578: 5744 | M3578: 21761 | N3578: =M3578+L3578 -> 27505 | O3578: 0 | P3578: 2717
A3579: 45481 | B3579: 36 | C3579: =MONTH(A3579) -> 7 | D3579: 2024 | E3579: CP48 | F3579: 5 | G3579: =IF(D3579=2023,F3579*'Average selling price'!$B$2, IF(D3579=2024,F3579*'Average selling price'!$C$2, IF(D3579=2025,F3579*'Average selling price'!$D$2,""))) -> 26430 | H3579: 0 | I3579: =IF($D3579=2023,H3579*'Average selling price'!$B$3, IF($D3579=2024,H3579*'Average selling price'!$C$3, IF($D3579=2025,H3579*'Average selling price'!$D$3,""))) -> 0 | J3579: 2 | K3579: =IF($D3579=2023,J3579*'Average selling price'!$B$4, IF($D3579=2024,J3579*'Average selling price'!$C$4, IF($D3579=2025,J3579*'Average selling price'!$D$4,""))) -> 22270 | L3579: 36539 | M3579: 5300 | N3579: =M3579+L3579 -> 41839 | P3579: 700
A3580: 45481 | B3580: 36 | C3580: =MONTH(A3580) -> 7 | D3580: 2024 | E3580: CP49 | F3580: 2 | G3580: =IF(D3580=2023,F3580*'Average selling price'!$B$2, IF(D3580=2024,F3580*'Average selling price'!$C$2, IF(D3580=2025,F3580*'Average selling price'!$D$2,""))) -> 10572 | H3580: 0 | I3580: =IF($D3580=2023,H3580*'Average selling price'!$B$3, IF($D3580=2024,H3580*'Average selling price'!$C$3, IF($D3580=2025,H3580*'Average selling price'!$D$3,""))) -> 0 | J3580: 0 | K3580: =IF($D3580=2023,J3580*'Average selling price'!$B$4, IF($D3580=2024,J3580*'Average selling price'!$C$4, IF($D3580=2025,J3580*'Average selling price'!$D$4,""))) -> 0 | L3580: 1516 | M3580: 8500 | N3580: =M3580+L3580 -> 10016 | O3580: 0 | P3580: 1900
A3581: 45481 | B3581: 36 | C3581: =MONTH(A3581) -> 7 | D3581: 2024 | E3581: CP50 | F3581: 0 | G3581: =IF(D3581=2023,F3581*'Average selling price'!$B$2, IF(D3581=2024,F3581*'Average selling price'!$C$2, IF(D3581=2025,F3581*'Average selling price'!$D$2,""))) -> 0 | H3581: 0 | I3581: =IF($D3581=2023,H3581*'Average selling price'!$B$3, IF($D3581=2024,H3581*'Average selling price'!$C$3, IF($D3581=2025,H3581*'Average selling price'!$D$3,""))) -> 0 | J3581: 0 | K3581: =IF($D3581=2023,J3581*'Average selling price'!$B$4, IF($D3581=2024,J3581*'Average selling price'!$C$4, IF($D3581=2025,J3581*'Average selling price'!$D$4,""))) -> 0 | L3581: 0 | M3581: 0 | N3581: =M3581+L3581 -> 0 | O3581: 0 | P3581: 0
A3582: 45481 | B3582: 36 | C3582: =MONTH(A3582) -> 7 | D3582: 2024 | E3582: CP202 | F3582: 0 | G3582: =IF(D3582=2023,F3582*'Average selling price'!$B$2, IF(D3582=2024,F3582*'Average selling price'!$C$2, IF(D3582=2025,F3582*'Average selling price'!$D$2,""))) -> 0 | H3582: 0 | I3582: =IF($D3582=2023,H3582*'Average selling price'!$B$3, IF($D3582=2024,H3582*'Average selling price'!$C$3, IF($D3582=2025,H3582*'Average selling price'!$D$3,""))) -> 0 | J3582: 6 | K3582: =IF($D3582=2023,J3582*'Average selling price'!$B$4, IF($D3582=2024,J3582*'Average selling price'!$C$4, IF($D3582=2025,J3582*'Average selling price'!$D$4,""))) -> 66810 | L3582: 13647 | M3582: 20199 | N3582: =M3582+L3582 -> 33846 | O3582: 0 | P3582: 0
A3583: 45488 | B3583: 37 | C3583: =MONTH(A3583) -> 7 | D3583: 2024 | E3583: CP01 | F3583: 8 | G3583: =IF(D3583=2023,F3583*'Average selling price'!$B$2, IF(D3583=2024,F3583*'Average selling price'!$C$2, IF(D3583=2025,F3583*'Average selling price'!$D$2,""))) -> 42288 | H3583: 1 | I3583: =IF($D3583=2023,H3583*'Average selling price'!$B$3, IF($D3583=2024,H3583*'Average selling price'!$C$3, IF($D3583=2025,H3583*'Average selling price'!$D$3,""))) -> 32755 | J3583: 7 | K3583: =IF($D3583=2023,J3583*'Average selling price'!$B$4, IF($D3583=2024,J3583*'Average selling price'!$C$4, IF($D3583=2025,J3583*'Average selling price'!$D$4,""))) -> 77945 | L3583: 72458 | M3583: 50692 | N3583: =M3583+L3583 -> 123150 | O3583: 4100 | P3583: 2580
A3584: 45488 | B3584: 37 | C3584: =MONTH(A3584) -> 7 | D3584: 2024 | E3584: CP02 | F3584: 4 | G3584: =IF(D3584=2023,F3584*'Average selling price'!$B$2, IF(D3584=2024,F3584*'Average selling price'!$C$2, IF(D3584=2025,F3584*'Average selling price'!$D$2,""))) -> 21144 | H3584: 0 | I3584: =IF($D3584=2023,H3584*'Average selling price'!$B$3, IF($D3584=2024,H3584*'Average selling price'!$C$3, IF($D3584=2025,H3584*'Average selling price'!$D$3,""))) -> 0 | J3584: 1 | K3584: =IF($D3584=2023,J3584*'Average selling price'!$B$4, IF($D3584=2024,J3584*'Average selling price'!$C$4, IF($D3584=2025,J3584*'Average selling price'!$D$4,""))) -> 11135 | L3584: 53210 | M3584: 7598 | N3584: =M3584+L3584 -> 60808 | O3584: 0 | P3584: 1816
A3585: 45488 | B3585: 37 | C3585: =MONTH(A3585) -> 7 | D3585: 2024 | E3585: CP03 | F3585: 4 | G3585: =IF(D3585=2023,F3585*'Average selling price'!$B$2, IF(D3585=2024,F3585*'Average selling price'!$C$2, IF(D3585=2025,F3585*'Average selling price'!$D$2,""))) -> 21144 | H3585: 0 | I3585: =IF($D3585=2023,H3585*'Average selling price'!$B$3, IF($D3585=2024,H3585*'Average selling price'!$C$3, IF($D3585=2025,H3585*'Average selling price'!$D$3,""))) -> 0 | J3585: 0 | K3585: =IF($D3585=2023,J3585*'Average selling price'!$B$4, IF($D3585=2024,J3585*'Average selling price'!$C$4, IF($D3585=2025,J3585*'Average selling price'!$D$4,""))) -> 0 | L3585: 27346 | M3585: 1600 | N3585: =M3585+L3585 -> 28946 | O3585: 0 | P3585: 2170
A3586: 45488 | B3586: 37 | C3586: =MONTH(A3586) -> 7 | D3586: 2024 | E3586: CP04 | F3586: 4 | G3586: =IF(D3586=2023,F3586*'Average selling price'!$B$2, IF(D3586=2024,F3586*'Average selling price'!$C$2, IF(D3586=2025,F3586*'Average selling price'!$D$2,""))) -> 21144 | H3586: 0 | I3586: =IF($D3586=2023,H3586*'Average selling price'!$B$3, IF($D3586=2024,H3586*'Average selling price'!$C$3, IF($D3586=2025,H3586*'Average selling price'!$D$3,""))) -> 0 | J3586: 1 | K3586: =IF($D3586=2023,J3586*'Average selling price'!$B$4, IF($D3586=2024,J3586*'Average selling price'!$C$4, IF($D3586=2025,J3586*'Average selling price'!$D$4,""))) -> 11135 | L3586: 21856 | M3586: 8762 | N3586: =M3586+L3586 -> 30618 | O3586: 0 | P3586: 0
A3587: 45488 | B3587: 37 | C3587: =MONTH(A3587) -> 7 | D3587: 2024 | E3587: CP05 | F3587: 6 | G3587: =IF(D3587=2023,F3587*'Average selling price'!$B$2, IF(D3587=2024,F3587*'Average selling price'!$C$2, IF(D3587=2025,F3587*'Average selling price'!$D$2,""))) -> 31716 | H3587: 0 | I3587: =IF($D3587=2023,H3587*'Average selling price'!$B$3, IF($D3587=2024,H3587*'Average selling price'!$C$3, IF($D3587=2025,H3587*'Average selling price'!$D$3,""))) -> 0 | J3587: 2 | K3587: =IF($D3587=2023,J3587*'Average selling price'!$B$4, IF($D3587=2024,J3587*'Average selling price'!$C$4, IF($D3587=2025,J3587*'Average selling price'!$D$4,""))) -> 22270 | L3587: 57961 | M3587: 11080 | N3587: =M3587+L3587 -> 69041 | O3587: 1390 | P3587: 7309
A3588: 45488 | B3588: 37 | C3588: =MONTH(A3588) -> 7 | D3588: 2024 | E3588: CP06 | F3588: 8 | G3588: =IF(D3588=2023,F3588*'Average selling price'!$B$2, IF(D3588=2024,F3588*'Average selling price'!$C$2, IF(D3588=2025,F3588*'Average selling price'!$D$2,""))) -> 42288 | H3588: 0 | I3588: =IF($D3588=2023,H3588*'Average selling price'!$B$3, IF($D3588=2024,H3588*'Average selling price'!$C$3, IF($D3588=2025,H3588*'Average selling price'!$D$3,""))) -> 0 | J3588: 6 | K3588: =IF($D3588=2023,J3588*'Average selling price'!$B$4, IF($D3588=2024,J3588*'Average selling price'!$C$4, IF($D3588=2025,J3588*'Average selling price'!$D$4,""))) -> 66810 | L3588: 54074 | M3588: 40186 | N3588: =M3588+L3588 -> 94260 | O3588: 0 | P3588: 9642
A3589: 45488 | B3589: 37 | C3589: =MONTH(A3589) -> 7 | D3589: 2024 | E3589: CP07 | F3589: 4 | G3589: =IF(D3589=2023,F3589*'Average selling price'!$B$2, IF(D3589=2024,F3589*'Average selling price'!$C$2, IF(D3589=2025,F3589*'Average selling price'!$D$2,""))) -> 21144 | H3589: 0 | I3589: =IF($D3589=2023,H3589*'Average selling price'!$B$3, IF($D3589=2024,H3589*'Average selling price'!$C$3, IF($D3589=2025,H3589*'Average selling price'!$D$3,""))) -> 0 | J3589: 6 | K3589: =IF($D3589=2023,J3589*'Average selling price'!$B$4, IF($D3589=2024,J3589*'Average selling price'!$C$4, IF($D3589=2025,J3589*'Average selling price'!$D$4,""))) -> 66810 | L3589: 246811 | M3589: 46394 | N3589: =M3589+L3589 -> 293205 | O3589: 4679 | P3589: 10264
A3590: 45488 | B3590: 37 | C3590: =MONTH(A3590) -> 7 | D3590: 2024 | E3590: CP08 | F3590: 2 | G3590: =IF(D3590=2023,F3590*'Average selling price'!$B$2, IF(D3590=2024,F3590*'Average selling price'!$C$2, IF(D3590=2025,F3590*'Average selling price'!$D$2,""))) -> 10572 | H3590: 1 | I3590: =IF($D3590=2023,H3590*'Average selling price'!$B$3, IF($D3590=2024,H3590*'Average selling price'!$C$3, IF($D3590=2025,H3590*'Average selling price'!$D$3,""))) -> 32755 | J3590: 4 | K3590: =IF($D3590=2023,J3590*'Average selling price'!$B$4, IF($D3590=2024,J3590*'Average selling price'!$C$4, IF($D3590=2025,J3590*'Average selling price'!$D$4,""))) -> 44540 | L3590: 24651 | M3590: 13399 | N3590: =M3590+L3590 -> 38050 | O3590: 0 | P3590: 1475
A3591: 45488 | B3591: 37 | C3591: =MONTH(A3591) -> 7 | D3591: 2024 | E3591: CP10 | F3591: 6 | G3591: =IF(D3591=2023,F3591*'Average selling price'!$B$2, IF(D3591=2024,F3591*'Average selling price'!$C$2, IF(D3591=2025,F3591*'Average selling price'!$D$2,""))) -> 31716 | H3591: 2 | I3591: =IF($D3591=2023,H3591*'Average selling price'!$B$3, IF($D3591=2024,H3591*'Average selling price'!$C$3, IF($D3591=2025,H3591*'Average selling price'!$D$3,""))) -> 65510 | J3591: 6 | K3591: =IF($D3591=2023,J3591*'Average selling price'!$B$4, IF($D3591=2024,J3591*'Average selling price'!$C$4, IF($D3591=2025,J3591*'Average selling price'!$D$4,""))) -> 66810 | L3591: 67433 | M3591: 49728 | N3591: =M3591+L3591 -> 117161 | O3591: 2154 | P3591: 21403
... A6338: 45957 | B6338: 52 | C6338: =MONTH(A6338) -> 10 | D6338: 2025 | E6338: CP50 | F6338: 0 | G6338: =IF(D6338=2023,F6338*'Average selling price'!$B$2, IF(D6338=2024,F6338*'Average selling price'!$C$2, IF(D6338=2025,F6338*'Average selling price'!$D$2,""))) -> 0 | H6338: 0 | I6338: =IF($D6338=2023,H6338*'Average selling price'!$B$3, IF($D6338=2024,H6338*'Average selling price'!$C$3, IF($D6338=2025,H6338*'Average selling price'!$D$3,""))) -> 0 | J6338: 0 | K6338: =IF($D6338=2023,J6338*'Average selling price'!$B$4, IF($D6338=2024,J6338*'Average selling price'!$C$4, IF($D6338=2025,J6338*'Average selling price'!$D$4,""))) -> 0 | L6338: 0 | M6338: 0 | N6338: =M6338+L6338 -> 0 | O6338: 0 | P6338: 0

Sheet Average selling price
B1: 2023 | C1: 2024 | D1: 2025
A2: HT-Hors-terre | B2: 4919 | C2: 5286 | D2: 5750
A3: CR-Creusée | B3: 29064 | C3: 32755 | D3: 34677
A4: SP-Spa | B4: 10768 | C4: 11135 | D4: 11726
